﻿{
  "camera": {
    "captureResolution": "1080p",
    "pictureResolution": "1080p"
  },
  "flash": {
    "mode": "manual",
    "alignment": "top_right"
  },
  "viewPlugin": {
    "plugin": {
      "id": "METER_PLUGIN",
      "meterPlugin": {
        "scanMode": "AUTO_ANALOG_DIGITAL_METER"
      }
    },
    "cutoutConfig" : {
      "style" : "rect",
      "alignment" : "top",
      "strokeWidth" : 2,
      "strokeColor" : "FFFFFF",
      "cornerRadius" : 4,
      "outerColor" : "000000",
      "outerAlpha" : 0.5,
      "feedbackStrokeColor" : "0099FF",
      "offset": {
        "x": 0,
        "y": 120
      }
    },
    "scanFeedback": {
      "style": "CONTOUR_RECT",
      "strokeColor": "0099FF",
      "strokeWidth": 2,
      "fillColor": "220099FF",
      "cornerRadius": 2,
      "redrawTimeout": 200,
      "animationDuration": 75,
      "blinkOnResult": true,
      "beepOnResult": true,
      "vibrateOnResult": true
    },
    "cancelOnResult": true
  }
}