﻿{
  "camera": {
    "captureResolution": "720",
    "zoomGesture": true
  },
  "flash": {
    "mode": "manual",
    "alignment": "bottom_right"
  },
  "viewPlugin": {
    "plugin": {
      "id": "LICENSE_PLATE_PLUGIN",
      "licensePlatePlugin": {
      }
    },
    "cutoutConfig": {
      "style": "rect",
      "maxWidthPercent": "80%",
      "maxHeightPercent": "80%",
      "alignment": "top_half",
      "width": 550,
      "ratioFromSize": {
        "width": 2,
        "height": 1
      },
      "strokeWidth": 2,
      "cornerRadius": 10,
      "strokeColor": "FFFFFF",
      "outerColor": "000000",
      "outerAlpha": 0.3,
      "feedbackStrokeColor": "0099FF"
    },
    "cancelOnResult": false,
    "delayStartScanTime": 2000,
    "scanFeedback": {
      "style": "rect",
      "strokeWidth": 2,
      "strokeColor": "0099FF",
      "fillColor": "330099FF",
      "cornerRadius": 0,
      "beepOnResult": true,
      "vibrateOnResult": true,
      "blinkAnimationOnResult": true
    }
  }
}